study,subject_id,meta_entropy
BETTER,sub-GE120001_ses-pre_accel.csv.RData.csv,2.9551525076809333
BETTER,sub-GE120002_ses-pre_accel.csv.RData.csv,2.924345144948841
BETTER,sub-GE120003_ses-pre_accel.csv.RData.csv,2.8532314904483447
BETTER,sub-GE120004_ses-pre_accel.csv.RData.csv,2.8899902282837178
BETTER,sub-GE120005_ses-pre_accel.csv.RData.csv,2.8883991681273042
BETTER,sub-GE120006_ses-pre_accel.csv.RData.csv,2.838854922358887
BETTER,sub-GE120008_ses-pre_accel.csv.RData.csv,2.9585322050311893
BETTER,sub-GE120010_ses-pre_accel.csv.RData.csv,2.8079615512979816
BETTER,sub-GE120011_ses-pre_accel.csv.RData.csv,2.8127222709810504
BETTER,sub-GE120012_ses-pre_accel.csv.RData.csv,2.90581795470833
BETTER,sub-GE120013_ses-pre_accel.csv.RData.csv,2.985111750002873
BETTER,sub-GE120014_ses-pre_accel.csv.RData.csv,2.7815565410948158
BETTER,sub-GE120015_ses-pre_accel.csv.RData.csv,2.8364005084769266
BETTER,sub-GE120017_ses-pre_accel.csv.RData.csv,2.8739805372241194
BETTER,sub-GE120018_ses-pre_accel.csv.RData.csv,2.938770765225236
BETTER,sub-GE120019_ses-pre_accel.csv.RData.csv,2.9252325666843846
BETTER,sub-GE120020_ses-pre_accel.csv.RData.csv,2.808924343332588
BETTER,sub-GE120021_ses-pre_accel.csv.RData.csv,2.762810905744116
BETTER,sub-GE120023_ses-pre_accel.csv.RData.csv,2.8432312111232037
BETTER,sub-GE120024_ses-pre_accel.csv.RData.csv,2.826861805830851
BETTER,sub-GE120025_ses-pre_accel.csv.RData.csv,2.9803994254961985
BETTER,sub-GE120026_ses-pre_accel.csv.RData.csv,2.7644749514286224
BETTER,sub-GE120027_ses-pre_accel.csv.RData.csv,2.8138724144987575
BETTER,sub-GE120028_ses-pre_accel.csv.RData.csv,2.925066792167303
BETTER,sub-GE120029_ses-pre_accel.csv.RData.csv,2.957637036934332
BETTER,sub-GE120030_ses-pre_accel.csv.RData.csv,2.569880040283135
BETTER,sub-GE120031_ses-pre_accel.csv.RData.csv,2.86903402710893
BETTER,sub-GE120032_ses-pre_accel.csv.RData.csv,2.8596730505396764
BETTER,sub-GE120033_ses-pre_accel.csv.RData.csv,2.9206891880297556
BETTER,sub-GE120034_ses-pre_accel.csv.RData.csv,2.955703971748495
BETTER,sub-GE120035_ses-pre_accel.csv.RData.csv,2.80520522498298
BETTER,sub-GE120036_ses-pre_accel.csv.RData.csv,2.8374004621267126
BETTER,sub-GE120039_ses-pre_accel.csv.RData.csv,2.929783602016616
BETTER,sub-GE120040_ses-pre_accel.csv.RData.csv,2.963662326828364
BETTER,sub-GE120041_ses-pre_accel.csv.RData.csv,2.8859050809695432
BETTER,sub-GE120042_ses-pre_accel.csv.RData.csv,2.652783344070877
BETTER,sub-GE120043_ses-pre_accel.csv.RData.csv,2.7730029777724794
BETTER,sub-GE120044_ses-pre_accel.csv.RData.csv,2.9723413167411694
BETTER,sub-GE120045_ses-pre_accel.csv.RData.csv,2.968929937814408
BETTER,sub-GE120047_ses-pre_accel.csv.RData.csv,2.8493358001526916
BETTER,sub-GE120050_ses-pre_accel.csv.RData.csv,2.7501867512427154
BETTER,sub-GE120052_ses-pre_accel.csv.RData.csv,2.9418302827133718
BETTER,sub-GE120053_ses-pre_accel.csv.RData.csv,2.9877625483652475
BETTER,sub-GE120054_ses-pre_accel.csv.RData.csv,2.9598932934578412
BETTER,sub-GE120055_ses-pre_accel.csv.RData.csv,2.950741299942778
BETTER,sub-GE120057_ses-pre_accel.csv.RData.csv,2.5904947226962287
BETTER,sub-GE120058_ses-pre_accel.csv.RData.csv,2.8432882228875327
BETTER,sub-GE120061_ses-pre_accel.csv.RData.csv,2.8509907012967495
BETTER,sub-GE120062_ses-pre_accel.csv.RData.csv,2.8851147111010427
BETTER,sub-GE120063_ses-pre_accel.csv.RData.csv,2.7958484636088055
BETTER,sub-GE120065_ses-pre_accel.csv.RData.csv,2.9164141083475843
BETTER,sub-GE120068_ses-pre_accel.csv.RData.csv,2.9217150897274946
BETTER,sub-GE120069_ses-pre_accel.csv.RData.csv,2.645396567795634
BETTER,sub-GE120070_ses-pre_accel.csv.RData.csv,2.9116727560864546
BETTER,sub-GE120073_ses-pre_accel.csv.RData.csv,2.9426566872342947
BETTER,sub-GE120075_ses-pre_accel.csv.RData.csv,2.226107315900878
BETTER,sub-GE120076_ses-pre_accel.csv.RData.csv,2.947961751567768
BETTER,sub-GE120077_ses-pre_accel.csv.RData.csv,2.876841568376781
BETTER,sub-GE120078_ses-pre_accel.csv.RData.csv,2.984711213961025
BETTER,sub-GE120079_ses-pre_accel.csv.RData.csv,2.873028870201788
BETTER,sub-GE120080_ses-pre_accel.csv.RData.csv,2.8127330617717408
BETTER,sub-GE120081_ses-pre_accel.csv.RData.csv,2.8711926505635437
BETTER,sub-GE120082_ses-pre_accel.csv.RData.csv,2.932979453484587
BETTER,sub-GE120083_ses-pre_accel.csv.RData.csv,2.7630943686774594
BETTER,sub-GE120084_ses-pre_accel.csv.RData.csv,2.8575695021712426
EXTEND,sub-2002_ses-accel1_accel.csv.RData.csv,2.908677752746182
EXTEND,sub-2002_ses-accel2_accel.csv.RData.csv,2.958024224505181
EXTEND,sub-2002_ses-accel3_accel.csv.RData.csv,2.9144486086434194
EXTEND,sub-2002_ses-accel4_accel.csv.RData.csv,2.8571648489219252
EXTEND,sub-2002_ses-accel5_accel.csv.RData.csv,2.7726631053753743
EXTEND,sub-2002_ses-accel6_accel.csv.RData.csv,2.8865846862582316
EXTEND,sub-2002_ses-accel7_accel.csv.RData.csv,2.81404810558608
EXTEND,sub-2002_ses-accel8_accel.csv.RData.csv,2.9318655782299614
EXTEND,sub-2002_ses-accel9_accel.csv.RData.csv,3.15055709808348
EXTEND,sub-2009_ses-accel1_accel.csv.RData.csv,2.7876029716629556
EXTEND,sub-2020_ses-accel1_accel.csv.RData.csv,2.947534398753615
EXTEND,sub-2020_ses-accel2_accel.csv.RData.csv,2.962992927458381
EXTEND,sub-2020_ses-accel3_accel.csv.RData.csv,2.8976240234884725
EXTEND,sub-2020_ses-accel4_accel.csv.RData.csv,2.937012268092357
EXTEND,sub-2020_ses-accel5_accel.csv.RData.csv,2.825809781367282
EXTEND,sub-2020_ses-accel6_accel.csv.RData.csv,2.935879212281225
EXTEND,sub-2020_ses-accel7_accel.csv.RData.csv,2.7587456904210685
EXTEND,sub-2020_ses-accel8_accel.csv.RData.csv,2.9336409378379367
EXTEND,sub-2020_ses-accel9_accel.csv.RData.csv,2.872137041848369
EXTEND,sub-2041_ses-accel1_accel.csv.RData.csv,2.9412152895537953
EXTEND,sub-2041_ses-accel2_accel.csv.RData.csv,2.8517300681145747
EXTEND,sub-2041_ses-accel3_accel.csv.RData.csv,2.9336672258522776
EXTEND,sub-2041_ses-accel4_accel.csv.RData.csv,2.784725367686691
EXTEND,sub-2041_ses-accel5_accel.csv.RData.csv,2.9385512808219847
EXTEND,sub-2041_ses-accel6_accel.csv.RData.csv,2.986636371772218
EXTEND,sub-2041_ses-accel7_accel.csv.RData.csv,2.986401367687748
EXTEND,sub-2041_ses-accel8_accel.csv.RData.csv,2.912496788320647
EXTEND,sub-2042_ses-accel1_accel.csv.RData.csv,2.8103443663112544
EXTEND,sub-2042_ses-accel2_accel.csv.RData.csv,2.9224988794650115
EXTEND,sub-2042_ses-accel3_accel.csv.RData.csv,2.8969887998078088
EXTEND,sub-2042_ses-accel4_accel.csv.RData.csv,2.945998804731658
EXTEND,sub-2042_ses-accel5_accel.csv.RData.csv,2.9520887339398088
EXTEND,sub-2042_ses-accel6_accel.csv.RData.csv,2.833097838239846
EXTEND,sub-2042_ses-accel7_accel.csv.RData.csv,2.9621476396901456
EXTEND,sub-2042_ses-accel8_accel.csv.RData.csv,2.8508306514561217
EXTEND,sub-2053_ses-accel1_accel.csv.RData.csv,2.8253005459226226
EXTEND,sub-2053_ses-accel2_accel.csv.RData.csv,2.950629482433154
EXTEND,sub-2053_ses-accel3_accel.csv.RData.csv,2.9746577645754018
EXTEND,sub-2053_ses-accel4_accel.csv.RData.csv,2.871518903776157
EXTEND,sub-2053_ses-accel5_accel.csv.RData.csv,2.839183927125538
EXTEND,sub-2053_ses-accel6_accel.csv.RData.csv,2.8302074903576155
EXTEND,sub-2053_ses-accel7_accel.csv.RData.csv,2.8789536721786466
EXTEND,sub-2053_ses-accel8_accel.csv.RData.csv,2.9293933777879193
EXTEND,sub-2053_ses-accel9_accel.csv.RData.csv,3.117668506136417
EXTEND,sub-2056_ses-accel1_accel.csv.RData.csv,2.847496371280389
EXTEND,sub-2056_ses-accel2_accel.csv.RData.csv,2.6522118904651553
EXTEND,sub-2056_ses-accel3_accel.csv.RData.csv,2.9564535375487977
EXTEND,sub-2056_ses-accel4_accel.csv.RData.csv,2.7040012017243558
EXTEND,sub-2056_ses-accel5_accel.csv.RData.csv,2.621127768108157
EXTEND,sub-2056_ses-accel6_accel.csv.RData.csv,2.7178258031064413
EXTEND,sub-2056_ses-accel7_accel.csv.RData.csv,2.5357685466960715
EXTEND,sub-2056_ses-accel8_accel.csv.RData.csv,2.6184029234489676
EXTEND,sub-2056_ses-accel9_accel.csv.RData.csv,2.3761654997293182
EXTEND,sub-2057_ses-accel1_accel.csv.RData.csv,2.9135703630267566
EXTEND,sub-2057_ses-accel2_accel.csv.RData.csv,2.8453377388385936
EXTEND,sub-2057_ses-accel3_accel.csv.RData.csv,2.8799577277028785
EXTEND,sub-2057_ses-accel4_accel.csv.RData.csv,2.8228516199642226
EXTEND,sub-2057_ses-accel5_accel.csv.RData.csv,2.703000426446512
EXTEND,sub-2057_ses-accel6_accel.csv.RData.csv,2.661923748396236
EXTEND,sub-2057_ses-accel7_accel.csv.RData.csv,2.955216788453265
EXTEND,sub-2057_ses-accel8_accel.csv.RData.csv,2.956488830599984
EXTEND,sub-2057_ses-accel9_accel.csv.RData.csv,3.065002361101482
EXTEND,sub-2064_ses-accel1_accel.csv.RData.csv,2.934065856994562
EXTEND,sub-2064_ses-accel2_accel.csv.RData.csv,2.8083434489253607
EXTEND,sub-2064_ses-accel3_accel.csv.RData.csv,2.7622294415956117
EXTEND,sub-2064_ses-accel4_accel.csv.RData.csv,2.6843854785596806
EXTEND,sub-2064_ses-accel5_accel.csv.RData.csv,2.911535519520671
EXTEND,sub-2064_ses-accel6_accel.csv.RData.csv,2.7766486448179912
EXTEND,sub-2064_ses-accel7_accel.csv.RData.csv,2.794440245161613
EXTEND,sub-2064_ses-accel8_accel.csv.RData.csv,2.8808182186933253
EXTEND,sub-2065_ses-accel1_accel.csv.RData.csv,2.397563051523969
EXTEND,sub-2065_ses-accel2_accel.csv.RData.csv,2.923715276063634
EXTEND,sub-2065_ses-accel3_accel.csv.RData.csv,2.7622196545028577
EXTEND,sub-2065_ses-accel4_accel.csv.RData.csv,2.8814464612325827
EXTEND,sub-2065_ses-accel5_accel.csv.RData.csv,2.8783118128719543
EXTEND,sub-2065_ses-accel6_accel.csv.RData.csv,2.801996924720749
EXTEND,sub-2065_ses-accel7_accel.csv.RData.csv,2.8574926605480484
EXTEND,sub-2065_ses-accel8_accel.csv.RData.csv,2.891140178935106
EXTEND,sub-2085_ses-accel1_accel.csv.RData.csv,2.831691884168129
EXTEND,sub-2085_ses-accel2_accel.csv.RData.csv,2.9052259415709707
EXTEND,sub-2095_ses-accel1_accel.csv.RData.csv,2.9597215370663643
EXTEND,sub-2100_ses-accel1_accel.csv.RData.csv,2.956048938717159
EXTEND,sub-2100_ses-accel2_accel.csv.RData.csv,2.961940029803308
EXTEND,sub-2100_ses-accel3_accel.csv.RData.csv,2.918749476703075
EXTEND,sub-2100_ses-accel4_accel.csv.RData.csv,2.782888669089023
EXTEND,sub-2100_ses-accel5_accel.csv.RData.csv,2.594487515131793
EXTEND,sub-2100_ses-accel6_accel.csv.RData.csv,2.816060863659412
EXTEND,sub-2100_ses-accel7_accel.csv.RData.csv,2.94091582023073
EXTEND,sub-2100_ses-accel8_accel.csv.RData.csv,2.9190400971236636
EXTEND,sub-2100_ses-accel9_accel.csv.RData.csv,3.047541101908759
EXTEND,sub-2102_ses-accel1_accel.csv.RData.csv,2.7767324144668604
EXTEND,sub-2103_ses-accel1_accel.csv.RData.csv,2.9900387894784064
EXTEND,sub-2103_ses-accel2_accel.csv.RData.csv,2.9871088230567047
EXTEND,sub-2103_ses-accel3_accel.csv.RData.csv,2.9690903613205695
EXTEND,sub-2103_ses-accel4_accel.csv.RData.csv,2.962998436694785
EXTEND,sub-2103_ses-accel5_accel.csv.RData.csv,2.946296775954129
EXTEND,sub-2103_ses-accel6_accel.csv.RData.csv,2.8828914530313754
EXTEND,sub-2103_ses-accel7_accel.csv.RData.csv,2.9759851108197775
EXTEND,sub-2103_ses-accel8_accel.csv.RData.csv,2.9365018367587905
EXTEND,sub-2105_ses-accel1_accel.csv.RData.csv,2.8719639865146966
EXTEND,sub-2106_ses-accel1_accel.csv.RData.csv,2.9734479816560047
EXTEND,sub-2106_ses-accel2_accel.csv.RData.csv,2.972854025942835
EXTEND,sub-2112_ses-accel1_accel.csv.RData.csv,2.851743955208753
EXTEND,sub-2112_ses-accel2_accel.csv.RData.csv,2.7548200603700432
EXTEND,sub-2112_ses-accel3_accel.csv.RData.csv,2.917241924268821
EXTEND,sub-2112_ses-accel4_accel.csv.RData.csv,2.9072507737218447
EXTEND,sub-2112_ses-accel5_accel.csv.RData.csv,2.752698882672337
EXTEND,sub-2112_ses-accel6_accel.csv.RData.csv,2.659302838367553
EXTEND,sub-2112_ses-accel7_accel.csv.RData.csv,2.922637654327272
EXTEND,sub-2112_ses-accel8_accel.csv.RData.csv,2.898905680834022
EXTEND,sub-2117_ses-accel1_accel.csv.RData.csv,2.5542962289597653
EXTEND,sub-2118_ses-accel1_accel.csv.RData.csv,2.93261998819377
EXTEND,sub-2118_ses-accel2_accel.csv.RData.csv,2.9247690758674834
EXTEND,sub-2118_ses-accel3_accel.csv.RData.csv,2.8544252042520895
EXTEND,sub-2118_ses-accel4_accel.csv.RData.csv,2.8525446625599424
EXTEND,sub-2118_ses-accel5_accel.csv.RData.csv,2.667457273966038
EXTEND,sub-2118_ses-accel6_accel.csv.RData.csv,2.7392845300545785
EXTEND,sub-2118_ses-accel7_accel.csv.RData.csv,2.8235528006426094
EXTEND,sub-2118_ses-accel8_accel.csv.RData.csv,2.922945437362479
EXTEND,sub-2118_ses-accel9_accel.csv.RData.csv,3.0414210834157394
EXTEND,sub-2120_ses-accel1_accel.csv.RData.csv,2.9794825416532147
EXTEND,sub-2120_ses-accel2_accel.csv.RData.csv,2.8299054587406434
EXTEND,sub-2120_ses-accel3_accel.csv.RData.csv,2.752298882620971
EXTEND,sub-2120_ses-accel4_accel.csv.RData.csv,2.583492363395146
EXTEND,sub-2120_ses-accel5_accel.csv.RData.csv,2.885779232149876
EXTEND,sub-2120_ses-accel6_accel.csv.RData.csv,2.9060306186055858
EXTEND,sub-2120_ses-accel7_accel.csv.RData.csv,2.797997927185483
EXTEND,sub-2120_ses-accel8_accel.csv.RData.csv,2.988724962176701
EXTEND,sub-2121_ses-accel1_accel.csv.RData.csv,2.923338271570488
EXTEND,sub-2121_ses-accel2_accel.csv.RData.csv,2.8342771200700354
EXTEND,sub-2121_ses-accel3_accel.csv.RData.csv,2.760721977216289
EXTEND,sub-2121_ses-accel4_accel.csv.RData.csv,2.8725266350023007
EXTEND,sub-2121_ses-accel5_accel.csv.RData.csv,2.857961617532394
EXTEND,sub-2121_ses-accel6_accel.csv.RData.csv,2.9485703043434834
EXTEND,sub-2121_ses-accel7_accel.csv.RData.csv,2.606486438811723
EXTEND,sub-2121_ses-accel8_accel.csv.RData.csv,2.832760674871137
EXTEND,sub-2122_ses-accel1_accel.csv.RData.csv,2.9565284866647747
EXTEND,sub-2122_ses-accel2_accel.csv.RData.csv,2.472503033552384
EXTEND,sub-2122_ses-accel3_accel.csv.RData.csv,2.835848617759239
EXTEND,sub-2122_ses-accel4_accel.csv.RData.csv,2.331924183014787
EXTEND,sub-2122_ses-accel5_accel.csv.RData.csv,2.5581175176147677
EXTEND,sub-2122_ses-accel6_accel.csv.RData.csv,2.635439949020239
EXTEND,sub-2122_ses-accel7_accel.csv.RData.csv,2.6005288456409263
EXTEND,sub-2122_ses-accel8_accel.csv.RData.csv,2.2578726210657134
EXTEND,sub-2122_ses-accel9_accel.csv.RData.csv,2.911333464775774
EXTEND,sub-2125_ses-accel1_accel.csv.RData.csv,2.8876845639251587
EXTEND,sub-2125_ses-accel2_accel.csv.RData.csv,2.9537334840302343
EXTEND,sub-2125_ses-accel3_accel.csv.RData.csv,2.731166348147387
EXTEND,sub-2125_ses-accel4_accel.csv.RData.csv,2.837457159678138
EXTEND,sub-2125_ses-accel5_accel.csv.RData.csv,2.9296350197201044
EXTEND,sub-2125_ses-accel6_accel.csv.RData.csv,2.696597072786555
EXTEND,sub-2125_ses-accel7_accel.csv.RData.csv,2.768964307312343
EXTEND,sub-2125_ses-accel8_accel.csv.RData.csv,2.9409382949424696
EXTEND,sub-2127_ses-accel1_accel.csv.RData.csv,2.46309861129675
EXTEND,sub-2127_ses-accel2_accel.csv.RData.csv,2.741681429198764
EXTEND,sub-2127_ses-accel3_accel.csv.RData.csv,2.1727993974229185
EXTEND,sub-2127_ses-accel4_accel.csv.RData.csv,2.7399160248588563
EXTEND,sub-2127_ses-accel5_accel.csv.RData.csv,2.945095685190303
EXTEND,sub-2127_ses-accel6_accel.csv.RData.csv,2.7493568934685935
EXTEND,sub-2127_ses-accel7_accel.csv.RData.csv,2.91730572843793
EXTEND,sub-2127_ses-accel8_accel.csv.RData.csv,2.8301669948894985
EXTEND,sub-2129_ses-accel1_accel.csv.RData.csv,2.9778214360812414
EXTEND,sub-2129_ses-accel2_accel.csv.RData.csv,2.8588673753766125
EXTEND,sub-2129_ses-accel3_accel.csv.RData.csv,2.9638711887144487
EXTEND,sub-2129_ses-accel4_accel.csv.RData.csv,2.9458533644120157
EXTEND,sub-2129_ses-accel5_accel.csv.RData.csv,2.698649710355055
EXTEND,sub-2129_ses-accel6_accel.csv.RData.csv,2.8146448084167965
EXTEND,sub-2129_ses-accel7_accel.csv.RData.csv,2.8618720165598224
EXTEND,sub-2129_ses-accel8_accel.csv.RData.csv,2.856379254634602
EXTEND,sub-2131_ses-accel1_accel.csv.RData.csv,2.62058730992586
EXTEND,sub-2131_ses-accel2_accel.csv.RData.csv,2.8912880767029
EXTEND,sub-2131_ses-accel3_accel.csv.RData.csv,2.8755393173146384
EXTEND,sub-2131_ses-accel4_accel.csv.RData.csv,2.95551861451402
EXTEND,sub-2131_ses-accel5_accel.csv.RData.csv,2.9611689228661833
EXTEND,sub-2131_ses-accel6_accel.csv.RData.csv,2.6234309973183394
EXTEND,sub-2131_ses-accel7_accel.csv.RData.csv,2.5210806584477323
EXTEND,sub-2131_ses-accel8_accel.csv.RData.csv,2.6349944543472303
EXTEND,sub-2137_ses-accel1_accel.csv.RData.csv,2.692725513355695
EXTEND,sub-2137_ses-accel2_accel.csv.RData.csv,2.865048580724196
EXTEND,sub-2137_ses-accel3_accel.csv.RData.csv,2.7262927729329522
EXTEND,sub-2137_ses-accel4_accel.csv.RData.csv,2.7169525846922857
EXTEND,sub-2137_ses-accel5_accel.csv.RData.csv,2.7698766827001644
EXTEND,sub-2137_ses-accel6_accel.csv.RData.csv,2.7185648473669075
EXTEND,sub-2137_ses-accel7_accel.csv.RData.csv,2.658097891238164
EXTEND,sub-2137_ses-accel8_accel.csv.RData.csv,2.7115310030341275
EXTEND,sub-2137_ses-accel9_accel.csv.RData.csv,3.0678776505784144
EXTEND,sub-2143_ses-accel1_accel.csv.RData.csv,2.870391051269011
EXTEND,sub-2145_ses-accel1_accel.csv.RData.csv,2.9829923152406197
EXTEND,sub-2145_ses-accel2_accel.csv.RData.csv,2.983008199443185
EXTEND,sub-2145_ses-accel3_accel.csv.RData.csv,2.982693766577042
EXTEND,sub-2145_ses-accel4_accel.csv.RData.csv,2.9268898199225415
EXTEND,sub-2145_ses-accel5_accel.csv.RData.csv,2.9759196445858827
EXTEND,sub-2145_ses-accel6_accel.csv.RData.csv,2.9467033857320275
EXTEND,sub-2145_ses-accel7_accel.csv.RData.csv,2.981940617550491
EXTEND,sub-2145_ses-accel8_accel.csv.RData.csv,2.973841490704001
EXTEND,sub-2148_ses-accel1_accel.csv.RData.csv,2.9154134311521704
EXTEND,sub-2149_ses-accel1_accel.csv.RData.csv,2.9235769957651554
EXTEND,sub-2149_ses-accel2_accel.csv.RData.csv,2.94033354000126
EXTEND,sub-2149_ses-accel3_accel.csv.RData.csv,2.9667114298688104
EXTEND,sub-2149_ses-accel4_accel.csv.RData.csv,2.8842545479634087
EXTEND,sub-2149_ses-accel5_accel.csv.RData.csv,2.7674482832088727
EXTEND,sub-2149_ses-accel6_accel.csv.RData.csv,2.9501952417875628
EXTEND,sub-2149_ses-accel7_accel.csv.RData.csv,2.813063406665016
EXTEND,sub-2149_ses-accel8_accel.csv.RData.csv,2.8475364114786386
EXTEND,sub-2149_ses-accel9_accel.csv.RData.csv,2.9708355727473355
EXTEND,sub-2156_ses-accel1_accel.csv.RData.csv,2.5874995059299346
EXTEND,sub-2156_ses-accel2_accel.csv.RData.csv,2.788397858108078
EXTEND,sub-2156_ses-accel3_accel.csv.RData.csv,2.542010756996303
EXTEND,sub-2156_ses-accel4_accel.csv.RData.csv,2.667176821448715
EXTEND,sub-2156_ses-accel5_accel.csv.RData.csv,2.74904806032593
EXTEND,sub-2156_ses-accel6_accel.csv.RData.csv,2.720558748157333
EXTEND,sub-2156_ses-accel7_accel.csv.RData.csv,2.74904806032593
EXTEND,sub-2156_ses-accel8_accel.csv.RData.csv,2.4826694124723914
EXTEND,sub-2156_ses-accel9_accel.csv.RData.csv,2.7519074547035083
EXTEND,sub-2167_ses-accel1_accel.csv.RData.csv,2.9057597440928147
EXTEND,sub-2167_ses-accel3_accel.csv.RData.csv,2.7843158810291477
EXTEND,sub-2167_ses-accel4_accel.csv.RData.csv,2.7789264989941787
EXTEND,sub-2167_ses-accel5_accel.csv.RData.csv,2.7171203758766844
EXTEND,sub-2167_ses-accel6_accel.csv.RData.csv,2.9224185235618734
EXTEND,sub-2167_ses-accel7_accel.csv.RData.csv,2.947509985327183
EXTEND,sub-2167_ses-accel8_accel.csv.RData.csv,2.7705534141849113
EXTEND,sub-2175_ses-accel1_accel.csv.RData.csv,2.8774856921754335
EXTEND,sub-2175_ses-accel2_accel.csv.RData.csv,2.7231558985467355
EXTEND,sub-2175_ses-accel3_accel.csv.RData.csv,2.7117192879747525
EXTEND,sub-2175_ses-accel4_accel.csv.RData.csv,2.7779799289370635
EXTEND,sub-2175_ses-accel5_accel.csv.RData.csv,2.7945855284176457
EXTEND,sub-2175_ses-accel6_accel.csv.RData.csv,2.8835583314822752
EXTEND,sub-2175_ses-accel7_accel.csv.RData.csv,2.893711445424984
EXTEND,sub-2175_ses-accel8_accel.csv.RData.csv,2.954101923198241
EXTEND,sub-2175_ses-accel9_accel.csv.RData.csv,2.999505252053156
EXTEND,sub-2185_ses-accel1_accel.csv.RData.csv,2.8446727545546056
EXTEND,sub-2185_ses-accel2_accel.csv.RData.csv,2.935990428211875
EXTEND,sub-2185_ses-accel3_accel.csv.RData.csv,2.769201465359419
EXTEND,sub-2185_ses-accel4_accel.csv.RData.csv,2.628637233948701
EXTEND,sub-2185_ses-accel5_accel.csv.RData.csv,2.8299999658216115
EXTEND,sub-2185_ses-accel6_accel.csv.RData.csv,2.9806821479253376
EXTEND,sub-2185_ses-accel7_accel.csv.RData.csv,2.907364252922003
EXTEND,sub-2185_ses-accel8_accel.csv.RData.csv,2.980550223296084
EXTEND,sub-2185_ses-accel9_accel.csv.RData.csv,3.077745016603167
EXTEND,sub-2186_ses-accel1_accel.csv.RData.csv,2.8962487607239
EXTEND,sub-2186_ses-accel2_accel.csv.RData.csv,2.8544102576161148
EXTEND,sub-2186_ses-accel3_accel.csv.RData.csv,2.988605382407123
EXTEND,sub-2186_ses-accel4_accel.csv.RData.csv,2.9139516653222173
EXTEND,sub-2186_ses-accel5_accel.csv.RData.csv,2.863633629471792
EXTEND,sub-2186_ses-accel6_accel.csv.RData.csv,2.9228125948087316
EXTEND,sub-2186_ses-accel7_accel.csv.RData.csv,2.9726156365449308
EXTEND,sub-2186_ses-accel8_accel.csv.RData.csv,2.918388500460471
EXTEND,sub-2186_ses-accel9_accel.csv.RData.csv,2.853952983039864
EXTEND,sub-2197_ses-accel1_accel.csv.RData.csv,2.849625290440816
EXTEND,sub-2197_ses-accel2_accel.csv.RData.csv,2.9488658495654017
EXTEND,sub-2197_ses-accel3_accel.csv.RData.csv,2.9331799927683706
EXTEND,sub-2197_ses-accel4_accel.csv.RData.csv,2.859432421159098
EXTEND,sub-2197_ses-accel5_accel.csv.RData.csv,2.8112493855302447
EXTEND,sub-2197_ses-accel6_accel.csv.RData.csv,2.8846977901274506
EXTEND,sub-2197_ses-accel7_accel.csv.RData.csv,2.748550797469381
EXTEND,sub-2197_ses-accel8_accel.csv.RData.csv,2.9692376208050577
EXTEND,sub-2199_ses-accel1_accel.csv.RData.csv,2.94120385377717
EXTEND,sub-2199_ses-accel2_accel.csv.RData.csv,2.96541751723199
EXTEND,sub-2199_ses-accel3_accel.csv.RData.csv,2.9345308383189304
EXTEND,sub-2199_ses-accel4_accel.csv.RData.csv,2.94364138368924
EXTEND,sub-2199_ses-accel5_accel.csv.RData.csv,2.9519900562695267
EXTEND,sub-2199_ses-accel6_accel.csv.RData.csv,2.908122307770845
EXTEND,sub-2199_ses-accel7_accel.csv.RData.csv,2.907762715293159
EXTEND,sub-2199_ses-accel8_accel.csv.RData.csv,2.9003678707850122
EXTEND,sub-2201_ses-accel1_accel.csv.RData.csv,2.868501704765467
EXTEND,sub-2201_ses-accel2_accel.csv.RData.csv,2.7713460562803633
EXTEND,sub-2201_ses-accel3_accel.csv.RData.csv,2.8206071302648703
EXTEND,sub-2201_ses-accel4_accel.csv.RData.csv,2.6571798095595645
EXTEND,sub-2201_ses-accel5_accel.csv.RData.csv,2.8647595954893164
EXTEND,sub-2201_ses-accel6_accel.csv.RData.csv,2.7307617248448106
EXTEND,sub-2201_ses-accel7_accel.csv.RData.csv,2.9682869844332522
EXTEND,sub-2201_ses-accel8_accel.csv.RData.csv,2.8670719652414935
EXTEND,sub-2206_ses-accel1_accel.csv.RData.csv,2.921612218659737
EXTEND,sub-2206_ses-accel2_accel.csv.RData.csv,2.8737001221892755
EXTEND,sub-2206_ses-accel3_accel.csv.RData.csv,2.9728943635459735
EXTEND,sub-2206_ses-accel4_accel.csv.RData.csv,2.8209698926369096
EXTEND,sub-2206_ses-accel5_accel.csv.RData.csv,2.9244359500269503
EXTEND,sub-2206_ses-accel6_accel.csv.RData.csv,2.767679950221995
EXTEND,sub-2206_ses-accel7_accel.csv.RData.csv,2.8892813665879657
EXTEND,sub-2206_ses-accel8_accel.csv.RData.csv,2.9026571606273603
EXTEND,sub-2211_ses-accel1_accel.csv.RData.csv,2.7643540574139616
EXTEND,sub-2211_ses-accel2_accel.csv.RData.csv,2.9835167762321486
EXTEND,sub-2211_ses-accel3_accel.csv.RData.csv,2.9197817600038314
EXTEND,sub-2211_ses-accel4_accel.csv.RData.csv,2.932919510117992
EXTEND,sub-2211_ses-accel5_accel.csv.RData.csv,2.978762427750976
EXTEND,sub-2211_ses-accel7_accel.csv.RData.csv,2.759318949745676
EXTEND,sub-2211_ses-accel8_accel.csv.RData.csv,2.924878413289505
EXTEND,sub-2211_ses-accel9_accel.csv.RData.csv,3.1157941292606126
EXTEND,sub-2218_ses-accel1_accel.csv.RData.csv,2.9467407045440015
EXTEND,sub-2218_ses-accel2_accel.csv.RData.csv,2.9543602515546374
EXTEND,sub-2218_ses-accel3_accel.csv.RData.csv,2.8764764683717243
EXTEND,sub-2218_ses-accel4_accel.csv.RData.csv,2.907779069134437
EXTEND,sub-2218_ses-accel7_accel.csv.RData.csv,2.9366925059865556
EXTEND,sub-2218_ses-accel8_accel.csv.RData.csv,2.9688077470076095
EXTEND,sub-2218_ses-accel9_accel.csv.RData.csv,3.1068134732434425
EXTEND,sub-2219_ses-accel1_accel.csv.RData.csv,2.939360729856092
EXTEND,sub-2219_ses-accel2_accel.csv.RData.csv,2.9023510856102854
EXTEND,sub-2219_ses-accel3_accel.csv.RData.csv,2.9731590515859008
EXTEND,sub-2219_ses-accel4_accel.csv.RData.csv,2.7968581747025167
EXTEND,sub-2219_ses-accel5_accel.csv.RData.csv,2.9030017081192248
EXTEND,sub-2219_ses-accel7_accel.csv.RData.csv,2.9876984909189317
EXTEND,sub-2219_ses-accel8_accel.csv.RData.csv,2.8277514130328156
EXTEND,sub-2219_ses-accel9_accel.csv.RData.csv,3.0217560051133767
EXTEND,sub-2221_ses-accel2_accel.csv.RData.csv,2.948431344327247
EXTEND,sub-2221_ses-accel3_accel.csv.RData.csv,2.8600067387422814
EXTEND,sub-2221_ses-accel4_accel.csv.RData.csv,2.8113538623338092
EXTEND,sub-2221_ses-accel5_accel.csv.RData.csv,2.7673840119151363
EXTEND,sub-2221_ses-accel6_accel.csv.RData.csv,2.800705635123543
EXTEND,sub-2221_ses-accel7_accel.csv.RData.csv,2.824750413844062
EXTEND,sub-2221_ses-accel8_accel.csv.RData.csv,2.736672975383965
EXTEND,sub-2224_ses-accel1_accel.csv.RData.csv,2.861558718161519
EXTEND,sub-2224_ses-accel2_accel.csv.RData.csv,2.963842846874741
EXTEND,sub-2224_ses-accel3_accel.csv.RData.csv,2.9377188116195634
EXTEND,sub-2224_ses-accel4_accel.csv.RData.csv,2.8857454809815315
EXTEND,sub-2224_ses-accel5_accel.csv.RData.csv,2.865184764599597
EXTEND,sub-2224_ses-accel6_accel.csv.RData.csv,2.503960057495831
EXTEND,sub-2224_ses-accel8_accel.csv.RData.csv,2.8255230810956484
EXTEND,sub-2241_ses-accel1_accel.csv.RData.csv,2.828109366959575
EXTEND,sub-2241_ses-accel2_accel.csv.RData.csv,2.779476336832363
EXTEND,sub-2241_ses-accel3_accel.csv.RData.csv,2.8115672877229794
EXTEND,sub-2241_ses-accel4_accel.csv.RData.csv,2.7218235647688185
EXTEND,sub-2241_ses-accel5_accel.csv.RData.csv,2.9712962090960096
EXTEND,sub-2241_ses-accel6_accel.csv.RData.csv,2.862010709235982
EXTEND,sub-2241_ses-accel7_accel.csv.RData.csv,2.651815900208009
EXTEND,sub-2241_ses-accel8_accel.csv.RData.csv,2.7699987240813155
EXTEND,sub-2242_ses-accel1_accel.csv.RData.csv,2.953379525992465
EXTEND,sub-2242_ses-accel2_accel.csv.RData.csv,2.8551641035198956
EXTEND,sub-2242_ses-accel3_accel.csv.RData.csv,2.7991951597915303
EXTEND,sub-2242_ses-accel4_accel.csv.RData.csv,2.914587291933718
EXTEND,sub-2242_ses-accel5_accel.csv.RData.csv,2.953547758895397
EXTEND,sub-2242_ses-accel6_accel.csv.RData.csv,2.8474333090716946
EXTEND,sub-2242_ses-accel7_accel.csv.RData.csv,2.8555826417758317
EXTEND,sub-2242_ses-accel8_accel.csv.RData.csv,2.8987787126147326
EXTEND,sub-2242_ses-accel9_accel.csv.RData.csv,3.134936315842542
EXTEND,sub-2259_ses-accel1_accel.csv.RData.csv,2.779994163600397
EXTEND,sub-2259_ses-accel2_accel.csv.RData.csv,2.80469579232571
EXTEND,sub-2259_ses-accel3_accel.csv.RData.csv,2.916510789446488
EXTEND,sub-2259_ses-accel4_accel.csv.RData.csv,2.8805116956230497
EXTEND,sub-2259_ses-accel5_accel.csv.RData.csv,2.9338411855791846
EXTEND,sub-2259_ses-accel6_accel.csv.RData.csv,2.8679806846397513
EXTEND,sub-2259_ses-accel7_accel.csv.RData.csv,2.94249569913587
EXTEND,sub-2259_ses-accel8_accel.csv.RData.csv,2.9215717049966257
EXTEND,sub-2259_ses-accel9_accel.csv.RData.csv,3.013549796157101
EXTEND,sub-2273_ses-accel1_accel.csv.RData.csv,2.8517520634643563
EXTEND,sub-2273_ses-accel2_accel.csv.RData.csv,2.901345242031478
EXTEND,sub-2273_ses-accel8_accel.csv.RData.csv,2.852703746527838
EXTEND,sub-2273_ses-accel9_accel.csv.RData.csv,3.0673589307195375
EXTEND,sub-2277_ses-accel1_accel.csv.RData.csv,2.668396648253281
EXTEND,sub-2277_ses-accel2_accel.csv.RData.csv,2.7925842049589313
EXTEND,sub-2277_ses-accel3_accel.csv.RData.csv,2.8063786829523556
EXTEND,sub-2277_ses-accel4_accel.csv.RData.csv,2.904108111921712
EXTEND,sub-2277_ses-accel8_accel.csv.RData.csv,2.878035850942543
EXTEND,sub-2277_ses-accel9_accel.csv.RData.csv,3.057123830337724
EXTEND,sub-2287_ses-accel1_accel.csv.RData.csv,2.926408786975034
EXTEND,sub-2287_ses-accel2_accel.csv.RData.csv,2.6481497928015356
EXTEND,sub-2287_ses-accel3_accel.csv.RData.csv,2.817283646777223
EXTEND,sub-2287_ses-accel4_accel.csv.RData.csv,2.929879349827149
EXTEND,sub-2287_ses-accel5_accel.csv.RData.csv,2.8691695793452174
EXTEND,sub-2287_ses-accel7_accel.csv.RData.csv,2.9626078751067646
EXTEND,sub-2287_ses-accel9_accel.csv.RData.csv,3.114373548671265
EXTEND,sub-2295_ses-accel1_accel.csv.RData.csv,2.8803407944674166
EXTEND,sub-2295_ses-accel2_accel.csv.RData.csv,2.734921620257724
EXTEND,sub-2295_ses-accel3_accel.csv.RData.csv,2.854700901681617
EXTEND,sub-2295_ses-accel4_accel.csv.RData.csv,2.9691428400230677
EXTEND,sub-2295_ses-accel5_accel.csv.RData.csv,2.7318178858119753
EXTEND,sub-2295_ses-accel6_accel.csv.RData.csv,2.9803831651797874
EXTEND,sub-2295_ses-accel7_accel.csv.RData.csv,2.9554566156389916
EXTEND,sub-2295_ses-accel8_accel.csv.RData.csv,2.876083950091302
EXTEND,sub-2295_ses-accel9_accel.csv.RData.csv,3.063342326777965
EXTEND,sub-2302_ses-accel1_accel.csv.RData.csv,2.9426242913294143
EXTEND,sub-2302_ses-accel2_accel.csv.RData.csv,2.7511062621100706
EXTEND,sub-2302_ses-accel3_accel.csv.RData.csv,2.7572310333050276
EXTEND,sub-2302_ses-accel4_accel.csv.RData.csv,2.804955943862905
EXTEND,sub-2302_ses-accel5_accel.csv.RData.csv,2.8943276023379223
EXTEND,sub-2302_ses-accel6_accel.csv.RData.csv,2.640201757095113
EXTEND,sub-2302_ses-accel8_accel.csv.RData.csv,2.6549240729561587
EXTEND,sub-2307_ses-accel1_accel.csv.RData.csv,2.9168933442554095
EXTEND,sub-2307_ses-accel2_accel.csv.RData.csv,2.889763157307285
EXTEND,sub-2307_ses-accel8_accel.csv.RData.csv,2.8758495435070413
EXTEND,sub-2307_ses-accel9_accel.csv.RData.csv,3.067905786065796
EXTEND,sub-2314_ses-accel1_accel.csv.RData.csv,2.9210205288717974
EXTEND,sub-2314_ses-accel2_accel.csv.RData.csv,2.9537438005985535
EXTEND,sub-2314_ses-accel3_accel.csv.RData.csv,2.8992470001033137
EXTEND,sub-2314_ses-accel4_accel.csv.RData.csv,2.9064112832368902
EXTEND,sub-2314_ses-accel5_accel.csv.RData.csv,2.7448657769419924
EXTEND,sub-2314_ses-accel7_accel.csv.RData.csv,2.9496673515590532
EXTEND,sub-2314_ses-accel8_accel.csv.RData.csv,2.8473003063685787
EXTEND,sub-2314_ses-accel9_accel.csv.RData.csv,3.060212975934845
EXTEND,sub-2316_ses-accel1_accel.csv.RData.csv,2.7077772941954628
EXTEND,sub-2316_ses-accel2_accel.csv.RData.csv,2.84980149819099
EXTEND,sub-2316_ses-accel3_accel.csv.RData.csv,2.7181113421404697
EXTEND,sub-2316_ses-accel4_accel.csv.RData.csv,2.7938523802461472
EXTEND,sub-2316_ses-accel5_accel.csv.RData.csv,2.9643458923753503
EXTEND,sub-2316_ses-accel6_accel.csv.RData.csv,2.8058236148699915
EXTEND,sub-2316_ses-accel7_accel.csv.RData.csv,2.5960518768755287
EXTEND,sub-2316_ses-accel8_accel.csv.RData.csv,2.891900354165342
EXTEND,sub-2328_ses-accel1_accel.csv.RData.csv,2.974354404878191
EXTEND,sub-2332_ses-accel1_accel.csv.RData.csv,2.96407442832351
EXTEND,sub-2332_ses-accel2_accel.csv.RData.csv,2.727932750532386
EXTEND,sub-2332_ses-accel3_accel.csv.RData.csv,2.988284267065762
EXTEND,sub-2332_ses-accel8_accel.csv.RData.csv,2.741662958373355
EXTEND,sub-2332_ses-accel9_accel.csv.RData.csv,2.71889236417225
EXTEND,sub-2353_ses-accel1_accel.csv.RData.csv,2.8987848302374153
EXTEND,sub-2353_ses-accel2_accel.csv.RData.csv,2.9009640031053476
EXTEND,sub-2353_ses-accel8_accel.csv.RData.csv,2.9209148166810066
EXTEND,sub-2353_ses-accel9_accel.csv.RData.csv,3.1121875675709
EXTEND,sub-2385_ses-accel1_accel.csv.RData.csv,2.9175830832256406
EXTEND,sub-2385_ses-accel2_accel.csv.RData.csv,2.8846784692743945
EXTEND,sub-2385_ses-accel3_accel.csv.RData.csv,2.959523532350261
EXTEND,sub-2385_ses-accel4_accel.csv.RData.csv,2.871398427149208
EXTEND,sub-2385_ses-accel8_accel.csv.RData.csv,2.8126672139811957
EXTEND,sub-2388_ses-accel1_accel.csv.RData.csv,2.893434957911606
EXTEND,sub-2388_ses-accel2_accel.csv.RData.csv,2.948259480087095
EXTEND,sub-2388_ses-accel3_accel.csv.RData.csv,2.994557510551184
EXTEND,sub-2388_ses-accel9_accel.csv.RData.csv,3.0676603684056114
EXTEND,sub-2397_ses-accel1_accel.csv.RData.csv,2.9240600470597893
EXTEND,sub-2397_ses-accel2_accel.csv.RData.csv,2.972040417159692
EXTEND,sub-2397_ses-accel3_accel.csv.RData.csv,2.849016952563918
EXTEND,sub-2397_ses-accel4_accel.csv.RData.csv,2.8149358337172696
EXTEND,sub-2397_ses-accel8_accel.csv.RData.csv,2.8682583995391338
EXTEND,sub-2397_ses-accel9_accel.csv.RData.csv,2.9711446642275843
EXTEND,sub-2406_ses-accel1_accel.csv.RData.csv,2.7996360689959072
EXTEND,sub-2406_ses-accel2_accel.csv.RData.csv,2.8586281075248396
EXTEND,sub-2406_ses-accel3_accel.csv.RData.csv,2.627831798115167
EXTEND,sub-2406_ses-accel5_accel.csv.RData.csv,2.5732430897396124
EXTEND,sub-2406_ses-accel8_accel.csv.RData.csv,2.927229995488132
EXTEND,sub-2406_ses-accel9_accel.csv.RData.csv,2.833336676279151
EXTEND,sub-2417_ses-accel1_accel.csv.RData.csv,2.8188215940715264
EXTEND,sub-2417_ses-accel2_accel.csv.RData.csv,2.7611523850735846
EXTEND,sub-2417_ses-accel3_accel.csv.RData.csv,2.936366193021935
EXTEND,sub-2417_ses-accel4_accel.csv.RData.csv,2.8786070920560816
EXTEND,sub-2417_ses-accel6_accel.csv.RData.csv,2.958002588096045
EXTEND,sub-2417_ses-accel7_accel.csv.RData.csv,2.9577344284369675
EXTEND,sub-2417_ses-accel9_accel.csv.RData.csv,3.0784896956791235
EXTEND,sub-2422_ses-accel1_accel.csv.RData.csv,2.911009372335237
EXTEND,sub-2422_ses-accel2_accel.csv.RData.csv,2.8444393482180743
EXTEND,sub-2422_ses-accel3_accel.csv.RData.csv,2.8783688085342507
EXTEND,sub-2450_ses-accel1_accel.csv.RData.csv,2.797356642856003
EXTEND,sub-2450_ses-accel2_accel.csv.RData.csv,2.8032280000408925
EXTEND,sub-2450_ses-accel8_accel.csv.RData.csv,2.7465485401539045
EXTEND,sub-2452_ses-accel1_accel.csv.RData.csv,2.8430891775522595
EXTEND,sub-2470_ses-accel1_accel.csv.RData.csv,2.682663917828265
EXTEND,sub-2480_ses-accel1_accel.csv.RData.csv,2.733035600522866
EXTEND,sub-2480_ses-accel3_accel.csv.RData.csv,2.871113087378697
EXTEND,sub-2480_ses-accel9_accel.csv.RData.csv,3.0498538975463014
EXTEND,sub-2488_ses-accel1_accel.csv.RData.csv,2.9757599113230837
EXTEND,sub-2488_ses-accel2_accel.csv.RData.csv,2.951844271316998
EXTEND,sub-2488_ses-accel4_accel.csv.RData.csv,2.8983359689623014
EXTEND,sub-2488_ses-accel9_accel.csv.RData.csv,3.109961305802782
EXTEND,sub-2501_ses-accel1_accel.csv.RData.csv,2.949725948102597
EXTEND,sub-2521_ses-accel1_accel.csv.RData.csv,2.884380710387428
EXTEND,sub-2521_ses-accel2_accel.csv.RData.csv,2.67330936464923
EXTEND,sub-2525_ses-accel8_accel.csv.RData.csv,2.564497064711768
EXTEND,sub-2525_ses-accel9_accel.csv.RData.csv,2.961777977561489
EXTEND,sub-2550_ses-accel1_accel.csv.RData.csv,2.80281160107486
EXTEND,sub-2550_ses-accel2_accel.csv.RData.csv,2.952669636523741
EXTEND,sub-2553_ses-accel1_accel.csv.RData.csv,2.9427537656265845
EXTEND,sub-2553_ses-accel2_accel.csv.RData.csv,2.9688977228055777
EXTEND,sub-2554_ses-accel1_accel.csv.RData.csv,2.496673094921823
EXTEND,sub-2554_ses-accel2_accel.csv.RData.csv,2.1124505915543246
EXTEND,sub-2554_ses-accel3_accel.csv.RData.csv,2.862103263686469
EXTEND,sub-2557_ses-accel1_accel.csv.RData.csv,2.967971533785175
EXTEND,sub-2557_ses-accel2_accel.csv.RData.csv,2.8930939448973687
EXTEND,sub-2557_ses-accel3_accel.csv.RData.csv,2.86690303176157
EXTEND,sub-2557_ses-accel7_accel.csv.RData.csv,2.9236068617552227
EXTEND,sub-2563_ses-accel1_accel.csv.RData.csv,2.955759010448839
EXTEND,sub-2563_ses-accel2_accel.csv.RData.csv,2.613825747560092
EXTEND,sub-2563_ses-accel3_accel.csv.RData.csv,2.5017288856325943
EXTEND,sub-2563_ses-accel5_accel.csv.RData.csv,2.9391497173679295
EXTEND,sub-2563_ses-accel6_accel.csv.RData.csv,2.7484441655041265
EXTEND,sub-2563_ses-accel7_accel.csv.RData.csv,2.882879557579338
EXTEND,sub-2568_ses-accel1_accel.csv.RData.csv,2.8127206429338707
EXTEND,sub-2568_ses-accel2_accel.csv.RData.csv,2.7964022262392523
EXTEND,sub-2568_ses-accel6_accel.csv.RData.csv,2.777083502187981
EXTEND,sub-2572_ses-accel1_accel.csv.RData.csv,2.8675067752864467
EXTEND,sub-2572_ses-accel2_accel.csv.RData.csv,2.9797005746814653
EXTEND,sub-2572_ses-accel3_accel.csv.RData.csv,2.878182613485281
EXTEND,sub-2572_ses-accel4_accel.csv.RData.csv,2.7993313804171236
EXTEND,sub-2572_ses-accel5_accel.csv.RData.csv,2.7873790268268963
EXTEND,sub-2572_ses-accel6_accel.csv.RData.csv,2.9302806759725235
EXTEND,sub-2579_ses-accel1_accel.csv.RData.csv,2.875102997902127
EXTEND,sub-2579_ses-accel2_accel.csv.RData.csv,2.839354172751634
EXTEND,sub-2579_ses-accel3_accel.csv.RData.csv,2.9134639543261422
EXTEND,sub-2579_ses-accel5_accel.csv.RData.csv,2.8334983063382237
EXTEND,sub-2580_ses-accel1_accel.csv.RData.csv,2.8619732405627514
EXTEND,sub-2580_ses-accel2_accel.csv.RData.csv,2.7425627680861684
EXTEND,sub-2580_ses-accel5_accel.csv.RData.csv,2.7498032645279733
EXTEND,sub-2580_ses-accel7_accel.csv.RData.csv,2.760936011003303
EXTEND,sub-2583_ses-accel2_accel.csv.RData.csv,2.5569975251076635
EXTEND,sub-2583_ses-accel3_accel.csv.RData.csv,2.8559202102732404
EXTEND,sub-2583_ses-accel4_accel.csv.RData.csv,2.9438778746954877
EXTEND,sub-2583_ses-accel5_accel.csv.RData.csv,2.6477083493867295
EXTEND,sub-2583_ses-accel6_accel.csv.RData.csv,2.9499588922129365
EXTEND,sub-2584_ses-accel1_accel.csv.RData.csv,2.6200449042338856
EXTEND,sub-2584_ses-accel2_accel.csv.RData.csv,2.5243149215751455
EXTEND,sub-2584_ses-accel4_accel.csv.RData.csv,2.4792715071332725
EXTEND,sub-2584_ses-accel6_accel.csv.RData.csv,2.8162533644946897
EXTEND,sub-2584_ses-accel7_accel.csv.RData.csv,2.3266449093302013
EXTEND,sub-2594_ses-accel1_accel.csv.RData.csv,2.8320290721369763
EXTEND,sub-2594_ses-accel2_accel.csv.RData.csv,2.8375742010787723
EXTEND,sub-2594_ses-accel7_accel.csv.RData.csv,2.897019654081135
EXTEND,sub-2594_ses-accel9_accel.csv.RData.csv,3.0855941197099432
EXTEND,sub-2603_ses-accel2_accel.csv.RData.csv,2.9198000305706837
EXTEND,sub-2603_ses-accel3_accel.csv.RData.csv,2.923020838968928
EXTEND,sub-2603_ses-accel5_accel.csv.RData.csv,2.965205935862828
EXTEND,sub-2603_ses-accel6_accel.csv.RData.csv,2.9386348988472957
EXTEND,sub-2603_ses-accel7_accel.csv.RData.csv,2.6795757102197406
EXTEND,sub-2608_ses-accel1_accel.csv.RData.csv,2.9566987884600393
EXTEND,sub-2608_ses-accel2_accel.csv.RData.csv,2.8848600165958254
EXTEND,sub-2608_ses-accel3_accel.csv.RData.csv,2.9498729584552055
EXTEND,sub-2608_ses-accel4_accel.csv.RData.csv,2.9518454088418307
EXTEND,sub-2608_ses-accel5_accel.csv.RData.csv,2.909823039010755
EXTEND,sub-2608_ses-accel6_accel.csv.RData.csv,2.8415291788426167
EXTEND,sub-2608_ses-accel7_accel.csv.RData.csv,2.8793205183498083
EXTEND,sub-2608_ses-accel8_accel.csv.RData.csv,2.834199722365941
EXTEND,sub-2609_ses-accel2_accel.csv.RData.csv,2.965845057936237
EXTEND,sub-2616_ses-accel2_accel.csv.RData.csv,2.9269021404120847
EXTEND,sub-2616_ses-accel3_accel.csv.RData.csv,2.615259290127426
EXTEND,sub-2616_ses-accel4_accel.csv.RData.csv,2.386334198666915
EXTEND,sub-2616_ses-accel5_accel.csv.RData.csv,2.826070188277026
EXTEND,sub-2616_ses-accel6_accel.csv.RData.csv,2.810365294679877
EXTEND,sub-2629_ses-accel2_accel.csv.RData.csv,2.9601719977428385
EXTEND,sub-2629_ses-accel4_accel.csv.RData.csv,2.8623874314640716
EXTEND,sub-2629_ses-accel6_accel.csv.RData.csv,2.9254194468993333
EXTEND,sub-2637_ses-accel2_accel.csv.RData.csv,2.6035090795840103
EXTEND,sub-2637_ses-accel3_accel.csv.RData.csv,2.665595655018377
EXTEND,sub-2637_ses-accel4_accel.csv.RData.csv,2.395647898590729
EXTEND,sub-2637_ses-accel5_accel.csv.RData.csv,2.662312869310543
EXTEND,sub-2637_ses-accel6_accel.csv.RData.csv,2.662312869310543
EXTEND,sub-2637_ses-accel7_accel.csv.RData.csv,2.6924876010621768
EXTEND,sub-2638_ses-accel2_accel.csv.RData.csv,2.872451107653361
EXTEND,sub-2638_ses-accel3_accel.csv.RData.csv,2.6692033022059682
EXTEND,sub-2638_ses-accel4_accel.csv.RData.csv,2.7152586481232084
EXTEND,sub-2638_ses-accel6_accel.csv.RData.csv,2.3523492634952454
EXTEND,sub-2638_ses-accel7_accel.csv.RData.csv,2.648267303030268
EXTEND,sub-2638_ses-accel8_accel.csv.RData.csv,2.741453098842427
EXTEND,sub-2643_ses-accel2_accel.csv.RData.csv,2.840803782936513
EXTEND,sub-2643_ses-accel3_accel.csv.RData.csv,2.9394325335681777
EXTEND,sub-2643_ses-accel4_accel.csv.RData.csv,2.9282316252148854
EXTEND,sub-2643_ses-accel5_accel.csv.RData.csv,2.8704089263973334
EXTEND,sub-2643_ses-accel6_accel.csv.RData.csv,2.8819104973908676
EXTEND,sub-2643_ses-accel7_accel.csv.RData.csv,2.9483806578782836
EXTEND,sub-2643_ses-accel8_accel.csv.RData.csv,2.885872718639647
EXTEND,sub-2646_ses-accel2_accel.csv.RData.csv,2.788441758954691
EXTEND,sub-2648_ses-accel1_accel.csv.RData.csv,2.834073451144275
EXTEND,sub-2648_ses-accel2_accel.csv.RData.csv,2.952980435096697
EXTEND,sub-2648_ses-accel3_accel.csv.RData.csv,2.7204187697271385
EXTEND,sub-2648_ses-accel5_accel.csv.RData.csv,2.8849602366249125
EXTEND,sub-2648_ses-accel6_accel.csv.RData.csv,2.898300150372738
EXTEND,sub-2653_ses-accel2_accel.csv.RData.csv,2.908256526860993
EXTEND,sub-2653_ses-accel3_accel.csv.RData.csv,2.921490677680272
EXTEND,sub-2653_ses-accel4_accel.csv.RData.csv,2.8492758198084642
EXTEND,sub-2653_ses-accel5_accel.csv.RData.csv,2.755208407934613
EXTEND,sub-2653_ses-accel6_accel.csv.RData.csv,2.825816183618
EXTEND,sub-2653_ses-accel7_accel.csv.RData.csv,2.8717436055334034
EXTEND,sub-2653_ses-accel8_accel.csv.RData.csv,2.281298164144547
EXTEND,sub-2700_ses-accel2_accel.csv.RData.csv,2.840907919303381
EXTEND,sub-2700_ses-accel4_accel.csv.RData.csv,2.785427823044066
EXTEND,sub-2700_ses-accel5_accel.csv.RData.csv,2.960440597664136
EXTEND,sub-2700_ses-accel7_accel.csv.RData.csv,2.9353126475594546
EXTEND,sub-2707_ses-accel2_accel.csv.RData.csv,2.893766985321247
EXTEND,sub-2717_ses-accel2_accel.csv.RData.csv,2.8619401825491417
EXTEND,sub-2718_ses-accel2_accel.csv.RData.csv,2.90050699160685
EXTEND,sub-2718_ses-accel3_accel.csv.RData.csv,2.865934147285517
EXTEND,sub-2718_ses-accel4_accel.csv.RData.csv,2.558056954378179
EXTEND,sub-2718_ses-accel5_accel.csv.RData.csv,2.7103830700518716
EXTEND,sub-2718_ses-accel8_accel.csv.RData.csv,2.8310771444075993
EXTEND,sub-2738_ses-accel2_accel.csv.RData.csv,2.9335783398125224
EXTEND,sub-2738_ses-accel4_accel.csv.RData.csv,2.747134898041179
EXTEND,sub-2738_ses-accel5_accel.csv.RData.csv,2.964260149139747
EXTEND,sub-2738_ses-accel6_accel.csv.RData.csv,2.8718397933629904
EXTEND,sub-2738_ses-accel7_accel.csv.RData.csv,2.9799424973644646
EXTEND,sub-2738_ses-accel8_accel.csv.RData.csv,2.845637227873123
EXTEND,sub-2739_ses-accel2_accel.csv.RData.csv,2.776076451401647
EXTEND,sub-2739_ses-accel3_accel.csv.RData.csv,2.9288616981306763
EXTEND,sub-2739_ses-accel5_accel.csv.RData.csv,2.655565728688462
EXTEND,sub-2739_ses-accel7_accel.csv.RData.csv,2.655379266385175
EXTEND,sub-2742_ses-accel2_accel.csv.RData.csv,2.9613376404195053
EXTEND,sub-2742_ses-accel4_accel.csv.RData.csv,2.8937885010856075
EXTEND,sub-2742_ses-accel5_accel.csv.RData.csv,2.8952803725258907
EXTEND,sub-2742_ses-accel6_accel.csv.RData.csv,2.964483916144324
EXTEND,sub-2742_ses-accel8_accel.csv.RData.csv,2.9401822019144324
EXTEND,sub-2743_ses-accel3_accel.csv.RData.csv,2.605890455687377
EXTEND,sub-2743_ses-accel4_accel.csv.RData.csv,2.9045735469510157
EXTEND,sub-2743_ses-accel5_accel.csv.RData.csv,2.766778362706899
EXTEND,sub-2743_ses-accel7_accel.csv.RData.csv,2.944355504893737
EXTEND,sub-2743_ses-accel8_accel.csv.RData.csv,2.824531612881889
EXTEND,sub-2745_ses-accel1_accel.csv.RData.csv,2.7292224276156203
EXTEND,sub-2745_ses-accel2_accel.csv.RData.csv,2.899327593456179
EXTEND,sub-2745_ses-accel3_accel.csv.RData.csv,2.9082553782714187
EXTEND,sub-2745_ses-accel4_accel.csv.RData.csv,2.9379873091590825
EXTEND,sub-2745_ses-accel5_accel.csv.RData.csv,2.778555148397602
EXTEND,sub-2745_ses-accel6_accel.csv.RData.csv,2.959281982023598
EXTEND,sub-2745_ses-accel7_accel.csv.RData.csv,2.902429293950715
EXTEND,sub-2745_ses-accel8_accel.csv.RData.csv,2.937592347867157
EXTEND,sub-2762_ses-accel1_accel.csv.RData.csv,2.8100431082824646
EXTEND,sub-2762_ses-accel2_accel.csv.RData.csv,2.728186430096972
EXTEND,sub-2762_ses-accel3_accel.csv.RData.csv,2.9202129722555563
EXTEND,sub-2762_ses-accel4_accel.csv.RData.csv,2.795415415639169
EXTEND,sub-2762_ses-accel5_accel.csv.RData.csv,2.9274717619184103
EXTEND,sub-2770_ses-accel1_accel.csv.RData.csv,2.985423450422187
EXTEND,sub-2770_ses-accel2_accel.csv.RData.csv,2.9860903738942772
EXTEND,sub-2770_ses-accel3_accel.csv.RData.csv,2.897170761200138
EXTEND,sub-2770_ses-accel4_accel.csv.RData.csv,2.9769009070441768
EXTEND,sub-2770_ses-accel7_accel.csv.RData.csv,2.8711128071629193
EXTEND,sub-2774_ses-accel1_accel.csv.RData.csv,2.824438066801038
EXTEND,sub-2774_ses-accel2_accel.csv.RData.csv,2.9281846972501873
EXTEND,sub-2774_ses-accel4_accel.csv.RData.csv,2.817960592690001
EXTEND,sub-2774_ses-accel5_accel.csv.RData.csv,2.7215898827178835
EXTEND,sub-2774_ses-accel6_accel.csv.RData.csv,2.9010278531867573
EXTEND,sub-2774_ses-accel7_accel.csv.RData.csv,2.849172919759433
EXTEND,sub-2774_ses-accel8_accel.csv.RData.csv,2.8134999183708085
EXTEND,sub-2780_ses-accel1_accel.csv.RData.csv,2.172497161722298
EXTEND,sub-2780_ses-accel3_accel.csv.RData.csv,2.6853494840110095
EXTEND,sub-2780_ses-accel4_accel.csv.RData.csv,2.730889013968946
EXTEND,sub-2780_ses-accel5_accel.csv.RData.csv,2.653606837418693
EXTEND,sub-2798_ses-accel1_accel.csv.RData.csv,2.9049697913019363
EXTEND,sub-2798_ses-accel2_accel.csv.RData.csv,2.7414720319338777
EXTEND,sub-2798_ses-accel3_accel.csv.RData.csv,2.94359749764103
EXTEND,sub-2798_ses-accel4_accel.csv.RData.csv,2.777328833693395
EXTEND,sub-2798_ses-accel5_accel.csv.RData.csv,2.952378260162917
EXTEND,sub-2798_ses-accel7_accel.csv.RData.csv,2.8468280594524247
EXTEND,sub-2798_ses-accel8_accel.csv.RData.csv,2.8650128858722597
EXTEND,sub-2801_ses-accel1_accel.csv.RData.csv,2.972679326294944
EXTEND,sub-2801_ses-accel2_accel.csv.RData.csv,2.8750146617431747
EXTEND,sub-2801_ses-accel5_accel.csv.RData.csv,2.813230865259296
EXTEND,sub-2801_ses-accel7_accel.csv.RData.csv,2.8436545074047412
EXTEND,sub-2808_ses-accel2_accel.csv.RData.csv,2.8537032623712753
EXTEND,sub-2808_ses-accel3_accel.csv.RData.csv,2.8261870069009665
EXTEND,sub-2808_ses-accel4_accel.csv.RData.csv,2.9334956964004517
EXTEND,sub-2808_ses-accel5_accel.csv.RData.csv,2.9151171043760398
EXTEND,sub-2808_ses-accel7_accel.csv.RData.csv,2.8471828073756735
EXTEND,sub-2813_ses-accel2_accel.csv.RData.csv,2.863754430216122
EXTEND,sub-2813_ses-accel4_accel.csv.RData.csv,2.7819950109954403
EXTEND,sub-2813_ses-accel5_accel.csv.RData.csv,2.9182189164924734
EXTEND,sub-2820_ses-accel2_accel.csv.RData.csv,2.7298575067793167
EXTEND,sub-2820_ses-accel3_accel.csv.RData.csv,2.377412124963556
EXTEND,sub-2820_ses-accel4_accel.csv.RData.csv,2.608193157896072
EXTEND,sub-2820_ses-accel5_accel.csv.RData.csv,2.6973203455495303
EXTEND,sub-2820_ses-accel6_accel.csv.RData.csv,2.7638531691948893
EXTEND,sub-2820_ses-accel8_accel.csv.RData.csv,2.7226797046760987
EXTEND,sub-2823_ses-accel2_accel.csv.RData.csv,2.8851045456902784
EXTEND,sub-2823_ses-accel3_accel.csv.RData.csv,2.730601223889799
EXTEND,sub-2823_ses-accel5_accel.csv.RData.csv,2.896943770910947
EXTEND,sub-2823_ses-accel8_accel.csv.RData.csv,2.843466351696147
EXTEND,sub-2826_ses-accel2_accel.csv.RData.csv,2.8522917205528873
EXTEND,sub-2826_ses-accel3_accel.csv.RData.csv,2.8551583660065005
EXTEND,sub-2826_ses-accel4_accel.csv.RData.csv,2.85206353756406
EXTEND,sub-2826_ses-accel5_accel.csv.RData.csv,2.820614600012734
EXTEND,sub-2826_ses-accel6_accel.csv.RData.csv,2.9578241011900506
EXTEND,sub-2833_ses-accel2_accel.csv.RData.csv,2.92322631230551
EXTEND,sub-2833_ses-accel4_accel.csv.RData.csv,2.752130034911544
EXTEND,sub-2833_ses-accel5_accel.csv.RData.csv,2.845812285085505
EXTEND,sub-2833_ses-accel6_accel.csv.RData.csv,2.9019136288822005
EXTEND,sub-2833_ses-accel7_accel.csv.RData.csv,2.6897390280894773
EXTEND,sub-2833_ses-accel8_accel.csv.RData.csv,2.8504398623958744
EXTEND,sub-2841_ses-accel2_accel.csv.RData.csv,2.9258996606589918
EXTEND,sub-2841_ses-accel3_accel.csv.RData.csv,2.9593764780580893
EXTEND,sub-2841_ses-accel4_accel.csv.RData.csv,2.8009224976434033
EXTEND,sub-2841_ses-accel5_accel.csv.RData.csv,2.8213937386098102
EXTEND,sub-2841_ses-accel6_accel.csv.RData.csv,2.9671257134258098
EXTEND,sub-2842_ses-accel2_accel.csv.RData.csv,2.735239844671792
EXTEND,sub-2842_ses-accel3_accel.csv.RData.csv,2.4640917470926245
EXTEND,sub-2842_ses-accel4_accel.csv.RData.csv,2.736544855210322
EXTEND,sub-2846_ses-accel2_accel.csv.RData.csv,2.8817185886738828
EXTEND,sub-2846_ses-accel3_accel.csv.RData.csv,2.986721356686934
EXTEND,sub-2859_ses-accel1_accel.csv.RData.csv,2.9911247816021618
EXTEND,sub-2859_ses-accel2_accel.csv.RData.csv,2.90075690131278
EXTEND,sub-2859_ses-accel4_accel.csv.RData.csv,2.938866960823178
EXTEND,sub-2859_ses-accel5_accel.csv.RData.csv,2.9766921862529165
EXTEND,sub-2859_ses-accel6_accel.csv.RData.csv,2.9770413615603513
EXTEND,sub-2859_ses-accel7_accel.csv.RData.csv,2.953800856903813
EXTEND,sub-2861_ses-accel1_accel.csv.RData.csv,2.838032187827605
EXTEND,sub-2861_ses-accel2_accel.csv.RData.csv,2.9818253357295728
EXTEND,sub-2861_ses-accel3_accel.csv.RData.csv,2.6546276145238545
EXTEND,sub-2861_ses-accel4_accel.csv.RData.csv,2.71014613883437
EXTEND,sub-2861_ses-accel5_accel.csv.RData.csv,2.6748567677285053
EXTEND,sub-2874_ses-accel1_accel.csv.RData.csv,2.9163400400289996
EXTEND,sub-2874_ses-accel2_accel.csv.RData.csv,2.9761435826719778
EXTEND,sub-2874_ses-accel3_accel.csv.RData.csv,2.9701363735190704
EXTEND,sub-2874_ses-accel6_accel.csv.RData.csv,2.9562056082756643
PACRD,311_(2015-06-26)RAW.csv.RData.csv,2.837812988840688
PACRD,498_(2015-07-21)RAW.csv.RData.csv,2.9675562244653233
PACRD,566_(2016-02-24)RAW.csv.RData.csv,2.9707626199952366
PACRD,207_(2015-07-08)RAW.csv.RData.csv,2.915956424882988
PACRD,560_(2016-02-24)RAW.csv.RData.csv,2.9923343680304693
PACRD,565_(2016-03-02)RAW.csv.RData.csv,2.8524574896392947
PACRD,68_(2015-06-23)RAW.csv.RData.csv,2.9485985528836496
PACRD,200_(2015-07-02)RAW.csv.RData.csv,2.8558808261230935
PACRD,599_(2016-07-01)RAW.csv.RData.csv,2.971658221790875
PACRD,598_(2016-06-24)RAW.csv.RData.csv,2.8820113211770733
PACRD,600_(2016-07-08)RAW.csv.RData.csv,2.9566729076235765
PACRD,601_(2019-02-19)RAW.csv.RData.csv,2.9551244726119013
PACRD,605_(2016-07-09)RAW.csv.RData.csv,2.958268944395976
PACRD,607_(2016-07-15)RAW.csv.RData.csv,2.7879160294750664
PACRD,608_(2016-07-21)RAW.csv.RData.csv,2.97797485508808
PACRD,625_(2016-08-30)RAW.csv.RData.csv,2.7653668813384424
PACRD,616_(2016-08-04)RAW.csv.RData.csv,2.819912868676548
PACRD,621_(2016-07-30)RAW.csv.RData.csv,2.8025516459179842
PACRD,628_(2016-08-10)RAW.csv.RData.csv,2.9236495303595196
PACRD,629_(2016-08-25)RAW.csv.RData.csv,2.762057606746136
PACRD,634_(2016-08-20)RAW.csv.RData.csv,2.768557966115843
PACRD,659_(2016-10-05)RAW.csv.RData.csv,2.9705247100658045
PACRD,649_(2019-01-16)RAW.csv.RData.csv,2.841405906119076
PACRD,656_(2016-09-27)RAW.csv.RData.csv,2.951489261054723
PACRD,669_(2020-03-11)RAW.csv.RData.csv,2.9146179201027658
PACRD,671_(2016-10-22)RAW.csv.RData.csv,2.9737744381317452
PACRD,655_(2016-09-21)RAW.csv.RData.csv,2.9637322813512252
PACRD,666_(2016-10-06)RAW.csv.RData.csv,2.9596811970111667
PACRD,658_(2016-10-19)RAW.csv.RData.csv,2.8973084482563882
PACRD,667_(2016-10-21)RAW.csv.RData.csv,2.923422622599656
PACRD,670_(2016-10-18)RAW.csv.RData.csv,2.4133257000514163
PACRD,675_(2016-10-29)RAW.csv.RData.csv,2.93436368911651
PACRD,677_(2016-12-01)RAW.csv.RData.csv,2.9089876047172916
PACRD,674_(2016-11-03)RAW.csv.RData.csv,2.8943169397273136
PACRD,676_(2016-11-01)RAW.csv.RData.csv,2.939339109035735
PACRD,678_(2016-11-02)RAW.csv.RData.csv,2.884752981620077
PACRD,684_(2016-11-15)RAW.csv.RData.csv,2.4404053809103794
PACRD,687_(2016-11-19)RAW.csv.RData.csv,2.614404061129327
PACRD,695_(2016-12-23)RAW.csv.RData.csv,2.868651286333891
PACRD,713_(2017-01-19)RAW.csv.RData.csv,2.802076979739616
PACRD,500_(2015-07-10)RAW.csv.RData.csv,2.8036773364573246
PACRD,58_(2015-07-09)RAW.csv.RData.csv,2.902019068927561
PACRD,182_(2015-07-10)RAW.csv.RData.csv,2.9639147046039436
PACRD,503_(2015-07-31)RAW.csv.RData.csv,2.9634034174109187
PACRD,45_(2015-07-14)RAW.csv.RData.csv,2.826174882705804
PACRD,505_(2015-07-15)RAW.csv.RData.csv,2.8990295914487283
PACRD,508_(2015-08-25)RAW.csv.RData.csv,2.9083945816413195
PACRD,522_(2015-09-09)RAW.csv.RData.csv,2.9253458493975595
PACRD,507_(2017-08-19)RAW.csv.RData.csv,2.9047517133902465
PACRD,644_(2016-10-22)RAW.csv.RData.csv,2.2934704849770027
PACRD,157_(2015-08-22)RAW.csv.RData.csv,2.963420407078672
PACRD,217_(2015-08-19)RAW.csv.RData.csv,2.9741999624352955
PACRD,234_(2015-08-14)RAW.csv.RData.csv,2.8949842219073583
PACRD,519_(2015-08-21)RAW.csv.RData.csv,2.473254206854498
PACRD,201_(2015-06-24)RAW.csv.RData.csv,2.86786071075647
PACRD,525_(2017-01-21)RAW.csv.RData.csv,2.9664893970482535
PACRD,526_(2015-09-24)RAW.csv.RData.csv,2.9077919593806554
PACRD,527_(2015-09-29)RAW.csv.RData.csv,2.860661465574766
PACRD,87_(2015-06-26)RAW.csv.RData.csv,2.9785236220732703
PACRD,538_(2015-11-03)RAW.csv.RData.csv,2.847024820173903
PACRD,553_(2016-01-15)RAW.csv.RData.csv,2.8647069586078087
PACRD,537_(2015-11-07)RAW.csv.RData.csv,2.7664204924406106
PACRD,534_(2015-10-22)RAW.csv.RData.csv,2.905455066797885
PACRD,44_(2015-08-28)RAW.csv.RData.csv,2.974937921437379
PACRD,540_(2015-11-10)RAW.csv.RData.csv,2.9448431315726626
PACRD,549_(2015-12-01)RAW.csv.RData.csv,2.9338343472521777
PACRD,542_(2015-11-14)RAW.csv.RData.csv,2.931089893616315
PACRD,541_(2015-11-12)RAW.csv.RData.csv,2.8699604766670443
PACRD,92_(2015-07-16)RAW.csv.RData.csv,2.9299373491393763
PACRD,547_(2015-11-24)RAW.csv.RData.csv,2.9343451983107034
PACRD,552_(2015-12-16)RAW.csv.RData.csv,2.8853727264727187
